id,name,birth_date,gender,address,phone,email,student_ids/id
370,Eric Sweeney,1975-03-26,male,"4626 Navarro Harbor North Leahshire, NY 72297",(662)766-6224,samantha16@example.org,"1,2"
371,Dillon Williams,1965-08-13,male,"3873 Chen Flat Suite 416 Kramerview, NH 42945",2357023379,pbrown@example.com,"3,4"
372,James Abbott,1990-01-20,male,"7775 Cynthia Station Greeneburgh, HI 92804",582-202-9315,vevans@example.org,"5,6"
373,Christina Schmitt,1997-07-27,female,"145 Sara Park Apt. 666 Lake Rebecca, NJ 17777",288.616.3972x2654,samantha49@example.net,"7,8"
374,Joseph Ponce,1975-12-24,male,USCGC Wells FPO AA 76053,5797120160,blackwellsharon@example.org,"9,10"
375,Steven Carter,1984-02-14,male,"5045 Mallory Haven Apt. 937 South Jameschester, VA 01493",968.958.9313x0360,wolferobert@example.net,"11,12"
376,Jeffrey Norton,1978-03-12,male,"08259 Julie Ranch North Amandaland, NV 54102",8769743307,millerpeggy@example.com,"13,14"
377,Joseph Mendoza,1988-12-10,male,"9243 Smith Vista South Yolanda, NY 20438",(236)588-5041x39647,frank87@example.net,"15,16"
378,Kristy Garza,1982-02-20,female,"2878 Whitney Lake Suite 443 Johnsonstad, OK 19462",001-382-829-7898x8591,jasonmelton@example.org,"17,18"
379,Nicole Cuevas,1987-07-31,female,"30660 Romero Harbor Briannaland, GU 57797",980.618.1423x64405,xhall@example.com,"19,20"
380,Michael Washington,1964-07-28,male,"27150 Janet Shore South Johnport, RI 25332",(602)865-0838,hbaldwin@example.net,"21,22"
381,Kathleen Yates,1985-01-05,female,"70106 Rebecca Village Fuenteshaven, PR 77867",(696)670-2717,calvin70@example.com,"23,24"
382,Tyler Gonzalez,1978-09-01,male,"25222 Campbell Lane Lake James, VA 90341",(588)365-7786x55606,nathanielmontgomery@example.net,"25,26"
383,Brian Jackson,1977-12-02,male,"92548 Strickland Square Suite 705 Brandonfurt, LA 55550",(678)462-2949x685,monica89@example.net,"27,28"
384,Heather Ruiz,1991-08-29,female,"402 Rodriguez Mountain South Charles, MS 72943",+1-337-635-7677x404,teresa57@example.org,"29,30"
385,Jacob Scott,1972-06-16,male,"78363 Rogers Highway Angelaburgh, VT 39105",6932826599,swebb@example.net,"31,32"
386,Roy Pope,1967-05-30,male,Unit 5284 Box 5441 DPO AP 12507,(913)855-6550x0625,norriskenneth@example.org,"33,34"
387,Sherri Cardenas,1983-10-26,female,"7585 Salas Courts Victorbury, MD 59081",+1-711-380-5060,stephanie01@example.org,"35,36"
388,Cameron Tucker,1982-01-01,male,"236 Charles Knoll East Mark, HI 92420",(607)869-8030x4699,gmatthews@example.net,"37,38"
389,Sarah Miller,1992-04-03,female,"56072 Evelyn Forest Port Monica, AZ 50347",347.778.4723x4313,sandrarubio@example.com,"39,40"
390,Paula Zhang,1999-05-12,female,"7611 Lindsey Summit Suite 673 Laurenchester, MH 13166",001-354-864-4510x25320,robertfuller@example.org,"41,42"
391,Christopher Turner,1964-08-28,male,"5770 John Wall Apt. 860 Morganberg, KY 61401",(696)488-9055x740,jmorales@example.com,"43,44"
392,Heidi Reynolds,1984-09-11,female,"17229 Brian Prairie Rachelfurt, WY 86503",596.808.9604x81981,amythomas@example.net,"45,46"
393,Danielle Sexton,1990-02-28,female,USNV Brown FPO AA 09491,001-989-931-4412x423,harmoncynthia@example.org,"47,48"
394,Nancy Torres,1965-10-12,female,"24474 Miguel Ford Apt. 224 Kerrport, MA 99924",539.978.7562x738,kevin07@example.org,"49,50"
395,Elizabeth Welch,1981-09-22,female,"09316 Jeffery Rest Ronnieberg, ME 64808",713-673-2610,hodgesruth@example.net,"51,52"
396,Nicole Martin,1972-02-13,female,"26310 Andrea Ports North Laura, AS 91784",001-714-601-3030x6628,ramirezricky@example.com,"53,54"
397,Peggy Park,1976-03-30,female,USNS Harris FPO AE 38582,895.852.2360x07845,ramirezmonica@example.com,"55,56"
398,Natalie Carpenter,1990-09-02,female,USNS Powell FPO AA 16191,(355)567-0680,littlejessica@example.com,"57,58"
399,Melanie Haney,1996-02-22,female,"5098 Jody Ranch Port Caroline, ME 93520",2423523282,ycole@example.com,"59,60"
400,Mark Phillips,1973-11-15,male,"637 Michael Viaduct Morganside, FM 31851",804.988.8723,edwardslaurie@example.com,"61,62"
401,Jacob Martinez,1994-12-02,male,USNS Allen FPO AA 89486,001-336-297-8897x79510,eric23@example.com,"63,64"
402,Sheila Blake,1991-03-22,female,"494 Turner Forks Apt. 203 New Saraport, FM 43233",+1-999-622-6828x036,tiffany86@example.com,"65,66"
403,John Sutton,1972-02-24,male,"83647 Christian Turnpike Suite 591 West Leonardtown, NM 22280",807-780-6598x86521,zhess@example.com,"67,68"
404,Denise Wood,1981-05-08,female,"67190 Blake Points Suite 326 Andrewfort, CA 73871",001-933-473-0233,harriswhitney@example.com,"69,70"
405,Brenda Morris,1985-12-27,female,"26398 Wong Lock Suite 333 North Danielside, WI 19865",+1-395-865-4035x64492,jeremymiller@example.com,"71,72"
406,Maria Ellis,1996-05-30,female,"6697 Ashley Forge Apt. 982 Thomasside, VA 19188",397-698-6263x12456,lfriedman@example.org,"73,74"
407,David Ward,1970-05-20,male,"050 Erica Mission Apt. 048 Boyerberg, MO 76733",001-436-586-5795x91223,leethomas@example.com,"75,76"
408,John Curtis,1977-11-20,male,"42861 Patricia Terrace West Stephanie, PW 43474",9845164074,marymarquez@example.org,"77,78"
409,Jacqueline Bishop,1988-12-10,female,"34002 Mark Spurs Bradleychester, AZ 52030",563.739.7075,harveygary@example.net,"79,80"
410,Kimberly Alexander,1976-12-21,female,"1922 Rebecca Parks Frankborough, WY 35363",+1-270-504-4356x82220,rpatterson@example.com,"81,82"
411,Michael Hill,1985-01-09,male,"87559 Gibson Skyway Apt. 117 Moralesburgh, NH 65025",001-725-544-8011,felliott@example.com,"83,84"
412,Lisa Marsh,1983-03-20,female,"6784 Caldwell Spurs Apt. 398 Hallstad, NC 93106",(601)688-6352x30097,floresteresa@example.org,"85,86"
413,Jessica Mayo DDS,1986-07-14,female,"7299 Julia Mission Suite 477 Smithshire, NM 85791",3817653563,pho@example.net,"87,88"
414,Robert Williams,1969-04-14,male,"399 Denise River East Alex, AL 81267",(988)351-9919x85889,castroamber@example.org,"89,90"
415,Kyle Prince,1997-12-27,male,"15962 Hatfield Junction Suite 922 West Cindy, DE 70323",(375)935-7964x681,swansonedwin@example.org,"91,92"
416,Elizabeth Oneal,1981-06-12,female,Unit 3840 Box 7780 DPO AE 15960,679-236-2050,zgutierrez@example.net,"93,94"
417,Gregory Graham,1973-06-25,male,"5229 Sean Mews Apt. 377 Piercetown, MH 46756",001-339-232-0322x07190,fryan@example.net,"95,96"
418,Eric Mason DDS,1966-06-21,male,"7423 Liu Neck Wallacefort, WA 98535",001-549-505-6365x49657,jasonwang@example.net,"97,98"
419,Lisa Gomez,1976-10-14,female,"552 James Shore West Leeborough, MD 45600",477.262.9033,singhcraig@example.net,"99,100"
420,Craig Coffey,1972-08-13,male,Unit 6525 Box 1082 DPO AE 12048,001-251-290-1063x364,ronaldmiller@example.org,"101,102"
421,Sarah Hill,1985-10-10,female,"299 Schmidt Fields South Andreaborough, KS 63593",001-325-709-1061,antonio30@example.net,"103,104"
422,Brian Monroe,1980-04-22,male,"03555 Lewis Cliff Suite 956 Lisastad, AK 76716",448.879.0119x095,donna58@example.com,"105,106"
423,Scott Keller,1982-01-30,male,"82152 Guerrero Crossing Apt. 018 Lake Justinburgh, AR 67191",+1-722-896-1780x79773,prodriguez@example.net,"107,108"
424,Mark Murphy,1968-07-29,male,"5587 George Terrace Michellemouth, WY 61242",+1-615-611-9168,russellryan@example.com,"109,110"
425,Derrick Villa,1968-12-10,male,"6986 Nathan Courts Apt. 199 Joshuaborough, OR 78901",516.390.5833x808,herreradawn@example.org,"111,112"
426,Amber Schneider,1980-07-16,female,"549 Danny Trace Suite 624 South Richardside, AR 61571",001-888-734-4848x1782,hodgeskimberly@example.net,"113,114"
427,Nicholas Clark,1968-06-13,male,"59993 Cain Island Apt. 652 Lake Brian, MH 59007",850.360.0953,qlynch@example.net,"115,116"
428,Alyssa Matthews,1968-04-24,female,"57627 Tyler Rapid South Katie, NH 78364",(671)954-1298x8944,amygonzalez@example.org,"117,118"
429,Elizabeth Mercado,1986-08-13,female,"06388 Randy Club Melissaland, AR 99046",4253205312,jasonellis@example.net,"119,120"
430,Pamela Carson,1964-11-04,female,USNV Bauer FPO AP 83891,204.288.3550,alvarezjohn@example.com,"121,122"
431,Allison Smith,1977-04-25,female,USCGC Welch FPO AP 87434,(399)239-9117,mbrennan@example.org,"123,124"
432,Gabriel Fischer,1994-05-06,male,"7323 Veronica Green East Bethview, IA 82595",602-393-3679x0964,nguyenyvonne@example.org,"125,126"
433,Dana Curry,1997-03-02,female,"585 Amy Lodge Jamesberg, AR 49390",4233145588,renee70@example.net,"127,128"
434,Heather Lester,1985-11-24,female,Unit 0759 Box 4113 DPO AE 41241,(601)445-9143,jasminechoi@example.com,"129,130"
435,Vanessa Murray,1973-07-03,female,"7200 Tammy Fork Apt. 639 North Tiffany, TN 32072",639.387.3911x485,robert85@example.net,"131,132"
436,Mary Salazar,1966-07-05,female,"554 Bullock Divide Lake Diane, WI 29254",399.792.4183,yvette36@example.net,"133,134"
437,Gregory Watson,1970-04-14,male,"254 Michael Fields Michaelborough, MH 39619",(916)292-1250x3587,edwardsnoah@example.org,"135,136"
438,Kenneth Williams,1986-05-03,male,"58573 Berry Station Suite 657 Waltermouth, PW 97393",+1-236-245-6993x16278,qmeyer@example.com,"137,138"
439,Ashley Meyer,1970-05-21,female,"63445 Nicholas Trail Suite 353 Lake Zacharystad, MI 58600",2073387379,hayesedward@example.net,"139,140"
440,Christopher Zimmerman,1993-09-18,male,"842 Ryan Meadows Apt. 747 West Mitchell, NV 08437",001-364-923-4086x68743,victorbarr@example.com,"141,142"
441,Jasmin Holder,1963-10-26,female,"324 Joseph Well Marshallberg, OH 22372",662.480.5061x105,eryan@example.com,"143,144"
442,Kristen Jackson,1988-10-01,female,"7290 Vargas Shores Apt. 651 Lake Laura, VI 66932",5989461178,mgomez@example.net,"145,146"
443,Patricia Adams,1998-11-07,female,"97766 Hall Forks Apt. 725 Kingborough, MT 04402",(335)712-3533,martinezcassandra@example.org,"147,148"
444,Brandon Spears,1965-12-08,male,"8867 Stein Run East Lindseyhaven, SC 33432",2327608062,christine13@example.com,"149,150"
445,Michael Smith,1967-01-31,male,"55322 Christopher Station Suite 661 North Davidland, NE 97323",(789)694-8906,derek48@example.org,"151,152"
446,Matthew Coleman,1973-02-11,male,"90119 Huynh Island Perkinsfurt, ND 63296",763.838.5149x6270,oparks@example.org,"153,154"
447,Katrina Schwartz,1996-11-26,female,"989 Joseph Point Gregorybury, NV 86397",(683)846-7304,ucooke@example.org,"155,156"
448,Jamie Roberts,1987-12-19,female,"0651 Monique Shores Lake Christopherview, ME 79895",619.407.4665,kimberlygray@example.org,"157,158"
449,Robert Jackson,1976-10-31,male,"919 Anderson Trail Apt. 315 South Alisonside, FM 95853",609-999-1879x613,torreslisa@example.net,"159,160"
450,Robin Wagner,1966-04-23,female,"9874 Katrina Road Apt. 220 Taraton, UT 05072",478-653-5317,deborah10@example.org,"161,162"
451,Richard Lyons,1976-09-28,male,"695 Herrera Streets Petersonhaven, CA 12552",941.239.5767,qgardner@example.org,"163,164"
452,Teresa Garcia,1998-09-21,female,"4045 Crystal Locks New Rachel, MH 73452",(950)519-4744x33697,colin08@example.org,"165,166"
453,John Ramsey,1991-04-20,male,"0368 Espinoza Brook Suite 273 Fuentestown, ND 84716",419.913.0198x1979,valentinemaria@example.net,"167,168"
454,Victoria Stein,1975-08-24,female,"PSC 4280, Box 2579 APO AA 61696",+1-957-703-4397x617,kristina15@example.com,"169,170"
455,Theresa Gaines,1993-02-03,female,"80477 Fernandez Mountain East Sara, IN 47954",+1-656-807-0301x107,pricejames@example.net,"171,172"
456,Jeremy Woods,1989-02-13,male,"705 Williams Burg Samanthamouth, TX 30159",(421)517-8056,nicolelopez@example.com,"173,174"
457,Megan Williams,1969-10-25,female,"0980 Osborne Groves New Megan, MS 24734",(994)599-0208,tina03@example.com,"175,176"
458,Christina Young,1988-11-10,female,Unit 7391 Box 1834 DPO AP 04727,(877)959-7404x47430,joshua80@example.org,"177,178"
459,Lisa Walker,1998-02-17,female,"08248 Lucas Brook North Jason, MS 29485",295-677-1992x86141,patriciahuerta@example.org,"179,180"
460,Jessica Yates,1970-05-09,female,"1348 Russo Square Apt. 300 Staffordland, PW 35751",+1-307-791-2808,michael15@example.com,"181,182"
461,Alexa Hebert,1985-08-25,female,"3302 Michael Unions Johnsonberg, NE 14587",3622371949,thomascharles@example.com,"183,184"
462,Kelly Hodges,1985-02-05,female,"420 Elizabeth Flats Suite 167 Steeleshire, GU 95067",001-274-654-5699,gbailey@example.net,"185,186"
463,Michael Miller,1980-10-17,male,"491 Barrera Stream Suite 465 Caldwellburgh, WI 90261",792.555.8718x28380,greggibson@example.com,"187,188"
464,Erin Baker,1996-03-29,female,"3993 Brenda Mill North Joseph, WI 47651",001-855-342-7681x126,billy30@example.org,"189,190"
465,Jordan Mccoy,1996-01-09,female,"75606 Tonya Rapids Suite 657 Mcbridetown, MI 61477",211.877.8302x452,david70@example.org,"191,192"
466,Vernon Burch,1985-08-25,male,"285 Solomon Tunnel West Courtney, NE 65248",637-544-1745x51405,isutton@example.org,"193,194"
467,Janet Delgado,1985-05-24,female,"8713 David Mission West Vincent, SC 04549",(294)527-2390,gallegosjulie@example.net,"195,196"
468,Sandra Watson,1969-06-04,female,USNS Li FPO AP 63754,(681)266-5099x240,blackwelljohn@example.org,"197,198"
469,Wesley Rodgers,1963-12-20,male,"29309 Ortega Fields West Megan, AS 07854",(801)309-2973x4950,megan80@example.com,"199,200"
470,Diana Rodriguez,1976-12-31,female,Unit 9721 Box 8654 DPO AP 55870,6837825528,icooper@example.org,"201,202"
471,Tony Nunez,1964-10-25,male,"559 Hamilton Brook Apt. 589 South Tammy, AR 15858",+1-659-488-5738x59154,cooleydavid@example.org,"203,204"
472,Norma Gardner,1998-04-04,female,"253 Jermaine Road Apt. 880 East Kimberlyfurt, IA 44512",242.246.1499x11977,deannasaunders@example.org,"205,206"
473,Michael Ross,1988-04-06,male,"021 Michelle Green North Joshuaport, GA 59875",(381)942-0623,karen03@example.org,"207,208"
474,Jason Crawford,1969-05-23,male,"79346 Avila Lodge Suite 283 North Lauraborough, IL 28387",709.798.0488,ssilva@example.org,"209,210"
475,Makayla Harris,1966-03-21,female,"0752 Tran Radial East Michelleberg, MH 70633",(311)243-8818,bbrown@example.net,"211,212"
476,Adam Parker,1971-08-06,male,"041 Gomez Via Suite 442 Fitzgeraldfurt, WA 56309",001-923-560-1452x10754,jamesgreen@example.net,"213,214"
477,Crystal Ingram,1984-05-16,female,"5495 Aguilar Unions Suite 565 Tapiaton, CA 73886",+1-404-415-2711x63549,wanda47@example.org,"215,216"
478,Jennifer Coleman,1993-01-04,female,"62844 Jennifer Divide Apt. 441 Friedmanport, TX 58614",001-532-453-2655x0507,andrew73@example.com,"217,218"
479,Gina Beck,1973-02-05,female,"5281 Perry Springs Apt. 350 West William, ID 86929",556.920.2740,handrews@example.com,"219,220"
480,Lauren Soto,1986-01-28,female,"648 William Isle North Barryville, RI 89734",(234)731-4391,williamsbonnie@example.net,"221,222"
481,Martha Thompson,1982-05-19,female,"17943 Peter Lights Port Jeffrey, VT 98729",210-443-8930x7738,ikline@example.com,"223,224"
482,Christopher Benjamin,1997-12-02,male,USNV Murray FPO AA 92491,569.250.5410x96932,ewheeler@example.org,"225,226"
483,James Lee,1997-02-14,male,"153 Audrey Field Lake Richardmouth, GU 77027",+1-875-690-1233,allison01@example.org,"227,228"
484,Terry Cook,1994-05-03,male,"6425 Warren Cove Suite 324 Kelseyburgh, RI 22601",515.822.6498,brittanyrodriguez@example.com,"229,230"
485,Jose Phillips,1981-04-20,male,"845 Ho Ramp Briannaside, CT 49031",(657)607-1982x454,knightgeorge@example.net,"231,232"
486,Mr. Jeremy Huang,1973-10-31,male,"63583 Bruce Lock Apt. 823 South Michaelport, FM 07945",(514)426-1270x61249,melissaedwards@example.net,"233,234"
487,Kenneth Martinez MD,1974-04-30,male,"34004 Justin Turnpike Brownhaven, NC 63447",382-278-5091x205,johnbarker@example.com,"235,236"
488,Amanda May,1995-06-21,female,"4752 Cohen Road Suite 208 Michaelport, HI 77174",913-359-6067x122,melaniecruz@example.org,"237,238"
489,Susan Gonzalez,1993-06-10,female,"2758 Katie Motorway Suite 747 Lake Justin, MD 34699",904-923-5300,nfletcher@example.org,"239,240"
490,Tina Flowers,1984-02-10,female,"9144 Dillon Manor Sergiostad, OH 21894",646-999-4241x50976,rickybrown@example.net,"241,242"
491,David Hickman,1985-11-03,male,"3484 Gonzales River Port Jessicaview, OK 90499",+1-957-642-5744x30831,andreareese@example.com,"243,244"
492,Mark Mccoy,1991-08-14,male,"49508 Wilson Prairie Apt. 727 Sanchezshire, SD 72924",2683579382,thomas36@example.org,"245,246"
493,Wendy Clements,1965-03-29,female,"49892 Logan Ferry Suite 316 Reedfort, CA 35345",279-978-0598x340,xthomas@example.org,"247,248"
494,Jennifer Smith,1991-05-15,female,Unit 9425 Box 7500 DPO AA 29358,+1-831-669-9177x7601,beverly39@example.net,"249,250"
495,Joshua Smith,1982-07-26,male,"5389 Allison Locks Mayside, FL 22282",(635)306-4179x9106,elizabeth46@example.com,"251,252"
496,Tammy Johnson,1966-02-28,female,"5037 Smith Isle Holmesfort, VA 50587",786.679.5643,melissa06@example.org,"253,254"
497,David Cunningham,1980-06-27,male,"228 Peterson Tunnel Apt. 892 South Michelleborough, NC 82688",472.980.3840,zford@example.org,"255,256"
498,Joel Bryant,1991-11-20,male,"38287 Amy Ports Apt. 766 Williamsport, MO 34116",001-250-626-3204,pcarter@example.net,"257,258"
499,Beverly Reed,1995-01-07,female,"9509 Turner Isle Suite 983 New Stuart, CA 44070",001-765-203-1803x7480,taylorchristopher@example.org,"259,260"
500,Donald Miranda,1980-08-08,male,"83153 Jason Port Suite 646 Ebonyfurt, NC 37416",(272)943-2575x08996,thomas74@example.net,"261,262"
501,Michelle Phelps,1992-10-19,female,"355 Rebecca Island Suite 221 Andreachester, DC 76776",588-871-3083,gsmith@example.org,"263,264"
502,Travis Floyd,1976-09-02,male,"677 Cohen Heights Marybury, MO 40136",724.292.8503,mhoward@example.org,"265,266"
503,Megan Anderson,1990-09-13,female,"0432 Gregory Lights Apt. 759 East Victorport, SC 39638",682-563-7970x920,thomas98@example.com,"267,268"
504,Kara Ross,1967-08-30,female,"03821 Hayes Roads Marshallburgh, NC 57832",+1-986-207-3544,hammondtrevor@example.org,"269,270"
505,Manuel Garza,1996-06-21,male,"933 Jared Junctions New Timothyberg, CA 35428",001-842-964-7055x98090,newmanrhonda@example.net,"271,272"
506,Mark Carlson,1968-05-01,male,"14647 Little Parkway Apt. 898 Brookeville, WV 52867",+1-585-813-5923x67893,warrencynthia@example.com,"273,274"
507,Monica Douglas,1977-05-30,female,"8235 Hunt Gardens Apt. 931 Chapmanfurt, PW 36661",724-406-1750,igarza@example.com,"275,276"
508,Keith Cook,1980-01-16,male,"718 Joshua Locks New James, TX 93079",(346)602-6712x231,danielcox@example.net,"277,278"
509,Tammy Moore,1973-05-15,female,"911 Porter Field Suite 263 South Isabellaland, FM 29565",+1-616-752-9234x49995,bmorales@example.net,"279,280"
510,Benjamin Vasquez,1985-06-03,male,"913 Heather Corners North Aliciaberg, WV 56773",684-566-4020x4264,sanchezlisa@example.com,"281,282"
511,Albert Cunningham,1982-03-16,male,"PSC 9802, Box 5901 APO AE 53939",001-322-353-6936x8228,lewisadam@example.net,"283,284"
512,Dr. Kelli Wiley MD,1970-05-07,female,"9379 Michael Tunnel Kingmouth, MA 33222",586.647.3520,dustinbarton@example.net,"285,286"
513,Caleb Ferguson,1989-10-26,male,"463 Kristina Extensions Hicksfurt, WA 67820",001-795-870-0148,james72@example.com,"287,288"
514,Eric Cook,1996-05-06,male,"56643 Michael Manor Apt. 675 Gailborough, TN 54165",237.575.6004x412,mhardy@example.com,"289,290"
515,Tara Pearson,1969-05-14,female,"865 Gomez Spurs Suite 550 Millerton, NV 52585",(503)282-2614x46848,russellsherry@example.com,"291,292"
516,Daniel Lewis,1990-08-20,male,"477 Ashley Causeway Suite 044 Brockborough, RI 30869",(740)640-0787,rachel22@example.com,"293,294"
517,Mrs. Jacqueline Moore,1998-01-31,female,"999 Lori Glens Suite 615 Richardburgh, LA 06052",(219)793-4032x4945,charles93@example.net,"295,296"
518,Lisa Sullivan,1980-12-08,female,"96913 Smith Gateway Apt. 735 West Williamstad, MT 96980",939-911-0231x66841,hollywilliams@example.com,"297,298"
519,Paul Garcia,1998-04-02,male,Unit 2003 Box 0300 DPO AE 47122,+1-381-655-4035,wandaowens@example.com,"299,300"
520,Amanda Johnson,1978-01-03,female,"983 Webb Squares Apt. 292 Toddstad, AZ 77042",+1-550-400-6327x68425,willie78@example.org,"301,302"
521,Mark Brady,1966-02-19,male,"22347 Soto Burg Suite 524 Reedborough, CA 25621",711-467-8224x251,hford@example.org,"303,304"
522,Bobby King,1988-01-30,male,"56199 Andrew Park Suite 211 Lake Gene, RI 17348",644.459.8456,robinfisher@example.org,"305,306"
523,Antonio Walker,1983-03-04,male,"86157 Carter Passage Sarahville, GU 00844",+1-458-848-4409x8791,nwatson@example.net,"307,308"
524,Lindsey Edwards,1964-05-16,female,"946 Theodore Trail Apt. 452 Port Wendy, VA 45856",871-781-8766,kellyrobertson@example.com,"309,310"
525,Jordan Garcia,1992-04-25,female,"309 Lewis Dale New Lawrence, IA 20167",+1-480-687-1911x96857,veronica82@example.org,"311,312"
526,David Butler,1975-09-24,male,"02256 Baker Mountain Cohenton, CA 19920",570.530.8243,tsuarez@example.org,"313,314"
527,Erica Dunn,1996-12-06,female,"829 Lopez Circles Suite 566 Daviston, AK 95205",001-767-327-4279,brendadurham@example.com,"315,316"
528,Joshua Franklin,1985-02-01,male,"64738 Jacqueline Meadow Apt. 513 East Aliciaside, KY 12488",+1-351-442-8439,cameron82@example.org,"317,318"
529,Nicole Webster,1981-03-27,female,"145 Edwards Harbors Williamshaven, VA 15330",+1-885-614-9286x074,elizabeth22@example.org,"319,320"
530,Perry Orr,1979-11-27,male,USS Harrison FPO AE 30458,761-679-6960,ryanvargas@example.org,"321,322"
531,Adrienne Woods,1964-11-20,female,"229 Samantha Valley Port Michaelstad, MN 80798",+1-775-708-4848x244,keith81@example.com,"323,324"
532,Michael Mendoza,1987-05-18,male,"3084 Kelly Parkway Suite 175 Adamsview, ME 89332",562.970.1091x7509,bchen@example.net,"325,326"
533,Juan Griffin,1998-05-21,male,"6721 May Locks Apt. 302 New Joseph, NJ 69319",+1-671-554-3581,tonihernandez@example.com,"327,328"
534,Paul Owen,1966-05-29,male,"34328 Taylor Village North Lisafort, VA 21201",+1-588-842-0329x281,mccarthytracy@example.org,"329,330"
535,James Singh,1994-07-27,male,"7996 Norton Club Davidbury, IL 46684",832.903.0263x75802,williamslisa@example.org,"331,332"
536,Roy Ellis,1991-09-18,male,"56921 Laura Circles Gregoryport, MS 38628",657.294.7140x34750,gabrieljohnson@example.net,"333,334"
537,Robert Bowers,1966-12-07,male,"47886 Brown Unions Suite 854 Keithbury, HI 52742",(547)571-5402,alexander79@example.org,"335,336"
538,Allison Hudson,1964-11-26,female,"169 Hernandez Falls Danielfort, MN 30387",971.684.3212,fhess@example.org,"337,338"
539,Andre Smith,1985-05-31,male,"50954 Hernandez Fall Deleonmouth, FL 53265",283-507-6319x0649,dpena@example.com,"339,340"
540,Lauren Riggs,1999-03-02,female,"05982 Isaiah Turnpike Zamoraside, CA 40815",(679)392-0580x55248,millerkathy@example.net,"341,342"
541,Christopher Jensen,1968-07-20,male,"05310 Chen Circles Suite 575 North Amanda, WY 47673",001-989-408-5098x6401,xkelly@example.net,"343,344"
542,Tyler Andrews,1985-02-26,male,"91642 Gregory Path Suite 388 Doylestad, IA 08062",(803)337-1261x1939,summerjacobs@example.net,"345,346"
543,Meagan Cox,1989-08-04,female,"5498 Lisa Lakes New Jasmine, NC 03711",(885)599-0202,acurtis@example.com,"347,348"
544,Kim Carrillo,1968-04-06,female,"951 Corey Wells East Robertshire, VA 96722",332.641.0404x689,wfoster@example.net,"349,350"
545,Ashley Newman,1973-08-28,female,"2967 Mcclain Walk Port Masonstad, TN 02194",859-535-5862x66764,thomashouston@example.net,"351,352"
546,Timothy Lynch,1982-01-25,male,"893 Castro Drive Apt. 161 Lake Emily, FL 73408",(888)556-7675x2279,dmonroe@example.org,"353,354"
547,James Luna,1996-06-08,male,"2390 Long Gardens Jacksonhaven, AL 33646",503.249.5753x7742,mendezrita@example.net,"355,356"
548,Suzanne Torres,1984-02-07,female,"43522 Rebecca Corners Suite 692 Taylorbury, PA 49569",+1-503-814-7504x05929,frank58@example.com,"357,358"
549,Janet Moreno,1990-01-23,female,"22179 Lopez Fall Suite 060 New Jeffreystad, CO 30293",800-446-1335,tracey91@example.net,"359,360"
