id,name,enrollment_number,birth_date,gender,address,phone,email
1,Steve Fry,ENR0001,2018-02-26,male,"PSC 8073, Box 5919 APO AP 95621",(725)377-1812,susanlynch@example.com
2,James Torres,ENR0002,2017-10-10,other,"159 Ramirez Shore West Aprilmouth, MN 58646",6716001406,brenda11@example.net
3,Jill Wade MD,ENR0003,2018-05-20,female,"PSC 3478, Box 5431 APO AE 81940",4448384865,lbaldwin@example.com
4,Loretta Nguyen,ENR0004,2017-07-29,female,"4839 Jake Underpass New Kenneth, NE 84181",951-362-4819x6432,xthompson@example.org
5,Anthony English,ENR0005,2018-06-13,male,"56621 Phillips Hill Apt. 741 New Karenton, NV 49374",001-376-906-6504x79084,mhenderson@example.com
6,Holly Cochran,ENR0006,2018-01-10,other,"1619 Mary Fall Suite 646 Christinaberg, TX 07954",383.387.1360,jennamacias@example.com
7,Kayla Garcia,ENR0007,2018-05-09,female,"66409 Cynthia Lake Apt. 074 North Emily, ME 23802",(797)578-0985,robertsanchez@example.org
8,Dawn Johnson,ENR0008,2018-02-28,female,"6968 Bishop Flat Apt. 012 Calvinside, VA 69130",001-534-796-9720x8869,brittany34@example.net
9,Elizabeth Watkins,ENR0009,2018-01-09,other,"4305 Chavez Harbor Apt. 498 Cynthiaberg, AS 39084",635-859-9230x353,justinrojas@example.net
10,Rebecca Barton,ENR0010,2018-05-09,other,"3861 Sims Fields Suite 469 New Claudia, AZ 27169",646-752-9846,perrysteven@example.net
11,Robert Martin,ENR0011,2018-03-06,other,"730 Johnson Harbor Apt. 126 South Angela, WV 21999",(556)577-1056,vluna@example.net
12,Thomas Sullivan,ENR0012,2017-08-23,other,"074 Paul Extensions West Donald, CA 69214",001-606-358-7272,mooreann@example.com
13,Brandon Gaines,ENR0013,2017-09-28,male,"2814 Sarah Fort Suite 269 Lake Tina, TX 45503",(739)274-2017x6032,william66@example.org
14,Lauren Contreras,ENR0014,2018-02-07,female,"50018 Callahan Lane Apt. 562 Port Valerie, VI 01505",802.645.8042x44338,garrett54@example.net
15,Ernest Miller,ENR0015,2017-08-04,male,"310 Ronald Lane Apt. 780 New Jonathan, PR 45306",213.431.2724x45866,ronaldrichmond@example.org
16,Anthony Gardner,ENR0016,2018-02-05,other,Unit 4953 Box 6969 DPO AA 70339,+1-758-844-5198x097,fjackson@example.com
17,James Gonzalez,ENR0017,2018-01-25,other,"559 Cervantes Lodge Markfurt, MP 86039",+1-832-764-0489x8822,ktran@example.org
18,Louis Neal,ENR0018,2018-01-01,male,"207 Renee Freeway Suite 514 Sydneyland, LA 25922",829-423-9614,mcknightkevin@example.org
19,Rhonda Smith,ENR0019,2017-12-08,other,"79647 Lance Trafficway Fernandezshire, TN 93820",848.366.3725x278,opeterson@example.com
20,Sydney Thomas,ENR0020,2017-08-07,female,Unit 5342 Box 0179 DPO AE 03478,898-528-8312,renee10@example.org
21,Aimee Lara,ENR0021,2018-04-27,other,"7006 Osborne Turnpike Suite 369 Port Jamestown, SC 21278",437.975.9549x6636,glewis@example.com
22,Paul Carlson,ENR0022,2018-04-23,male,"3999 Marshall Vista Suite 133 South George, LA 98451",+1-220-438-4995x5058,velasquezomar@example.net
23,Steven Benjamin,ENR0023,2018-05-19,other,"1026 Dominguez Neck Suite 371 Jenniferberg, NJ 69757",(765)885-5199x26617,johnjones@example.net
24,Alice Gaines,ENR0024,2017-09-05,female,"3869 Steven Islands Donaldport, NJ 46741",5495119214,annaedwards@example.org
25,Jose Ball,ENR0025,2017-10-24,male,"1536 Lonnie Mission West Barbaraburgh, KY 75509",+1-927-532-2485x830,brycewoods@example.com
26,Christopher Campbell DVM,ENR0026,2017-11-20,male,"3393 Denise Locks Suite 788 Cindychester, RI 36376",001-957-422-6776x07362,kaylahubbard@example.net
27,Amy Mathews,ENR0027,2018-03-10,female,"653 George Cliffs Smithhaven, MO 27640",001-776-587-9501x05624,emilycooper@example.org
28,Jacob Miller,ENR0028,2017-07-25,other,"303 Mays Wells Apt. 322 Garciachester, MS 92889",001-925-779-4740x257,phillipsglenn@example.org
29,Linda Wallace,ENR0029,2018-03-28,female,"092 Andrew Parks West Brandonville, IN 74921",634.847.2286,swilliams@example.org
30,Jennifer Levy,ENR0030,2018-06-10,female,"7827 Michael Dale West Markstad, HI 52049",+1-698-473-4394x389,jacqueline79@example.org
31,John Lara,ENR0031,2016-08-10,male,"901 Robert Avenue Bellview, TX 17192",2913301889,elizabethsmith@example.com
32,Jeffrey Fletcher,ENR0032,2017-04-02,other,"5973 Wilson Courts South Joshuafort, AR 88664",779-271-3627,lzuniga@example.net
33,Cynthia Saunders,ENR0033,2017-05-11,female,"81040 Murray Stravenue Thomasburgh, ND 39903",001-415-648-9037x7392,kevin53@example.net
34,John Smith,ENR0034,2016-06-19,male,"2492 Jenkins Fall Taylorstad, NE 31007",910-634-3700,nunezchad@example.org
35,Renee Jefferson,ENR0035,2017-06-09,other,"5951 Morton Rapid Suite 961 East Stevenville, WY 15548",830.676.1883x6389,hendersonpamela@example.com
36,Brenda Martinez,ENR0036,2017-01-09,female,"879 Amy Course Apt. 440 Lopezberg, AZ 20418",9819338399,hcarroll@example.net
37,Stephen Salazar,ENR0037,2017-05-28,male,"37939 Jacob Crescent Dakotamouth, VT 03284",(775)944-1677x2977,tanya26@example.org
38,Donna Wells,ENR0038,2017-01-31,female,"7134 Cowan Crest Apt. 438 Ricemouth, KS 62694",548.202.9105,melissa28@example.org
39,Mark Wagner,ENR0039,2017-03-25,male,"71286 Moore Road Suite 263 Kelleyshire, MA 07254",364.221.3997x0887,zhenry@example.org
40,Tiffany Bell,ENR0040,2016-12-10,female,"46699 Martin Radial New Kevinmouth, PA 87335",(552)408-3252x5495,robert86@example.com
41,William Casey,ENR0041,2016-07-02,male,"501 Antonio Valley Suite 686 West Kevin, MO 21165",001-865-313-0546,rodney84@example.org
42,Leslie Huang,ENR0042,2017-05-16,other,"3057 Brittney Mill East Johnny, CO 56948",480.461.1834,reyeschristian@example.org
43,Melissa Kelley,ENR0043,2017-06-13,female,"280 Mckinney Unions Suite 867 North Vernonland, OK 26103",001-298-807-5486x58051,larsenwesley@example.com
44,Meghan Campbell,ENR0044,2016-07-03,other,"0971 Dana Alley Blakeside, VI 99777",818.940.0041,gonzalestony@example.net
45,Sarah Gibbs,ENR0045,2016-10-24,female,"34028 Jared Row Port Ashley, KS 51839",+1-862-493-8141x71876,trogers@example.com
46,Lisa Taylor,ENR0046,2016-11-02,female,"75315 Smith Forks Suite 697 Lake Nichole, GA 12841",(244)823-2533,ryan59@example.com
47,Emily Wilson,ENR0047,2017-04-06,female,"28588 Jose Forks Butlerchester, AS 23980",(241)490-0868x9302,gardneranna@example.net
48,Andrew Hunter,ENR0048,2016-08-15,other,"082 Sutton Causeway East Scott, NM 89103",(526)216-0979,robertomorrison@example.com
49,Tammy Johnson,ENR0049,2016-07-30,female,"30064 Brown Walk East Tiffany, RI 44770",001-728-965-3544x00970,brittany12@example.org
50,Elizabeth Blankenship,ENR0050,2016-08-12,female,"550 Preston Lights Suite 177 New Stephenshire, OH 22807",001-723-846-4230x602,andrewdavis@example.net
51,Shannon Ford,ENR0051,2017-05-11,female,"1794 Caitlin Expressway Apt. 188 North Kylebury, FM 32595",(691)678-0775x8249,wsaunders@example.com
52,Timothy Holt,ENR0052,2017-03-14,male,"1950 Smith Light Apt. 975 South Matthewstad, UT 60215",001-973-408-4578x07126,johnsonmargaret@example.net
53,Kristin Oliver,ENR0053,2017-03-24,female,"05998 Hall Row Lake Victoriaport, VA 42322",(288)747-7001x93130,steven72@example.org
54,Theodore Riddle,ENR0054,2016-08-04,other,"626 Charles Lake Lake Andrew, NV 50058",856-534-5568x6904,kennethanderson@example.com
55,Christopher Little,ENR0055,2016-10-13,other,"97294 Morton Forks Davisville, NC 49521",5767186936,mark28@example.com
56,Jose Holt,ENR0056,2017-04-22,male,"5884 Carter Neck West Joseph, MH 87461",+1-563-600-3144x78994,melindastewart@example.com
57,Gene Weber,ENR0057,2017-02-17,other,Unit 7372 Box 4048 DPO AP 52448,906.272.4926x75723,bryan92@example.net
58,Ashley Carpenter,ENR0058,2016-09-04,female,"6068 Jacqueline Overpass Apt. 609 North Richardtown, IL 69372",906.347.1056x23681,leethomas@example.org
59,Timothy Phillips,ENR0059,2016-07-28,other,"764 Anthony Light Suite 013 Christopherfort, FM 86109",001-477-204-7001x390,qscott@example.org
60,Rachel Reid,ENR0060,2017-01-09,other,"707 Alejandro Shore Suite 059 Feliciastad, NM 50159",537.507.4286x23932,pkennedy@example.net
61,Vanessa Mccoy,ENR0061,2016-01-25,female,"395 Tran Mills Williamsville, MA 77811",318.578.7752,frances69@example.net
62,Jamie Casey,ENR0062,2016-02-28,male,"2886 Keith Gateway North Kennethhaven, NM 56989",(614)624-3782x622,reyesrickey@example.com
63,Benjamin Buckley,ENR0063,2015-09-13,male,"5059 Nguyen Summit Apt. 041 East Brendashire, SC 57609",+1-575-637-3077x657,gwalker@example.com
64,Alexander Merritt,ENR0064,2015-07-15,male,"909 Brian Brook Suite 213 Lauraton, ME 65409",281-609-5253x901,yolanda95@example.org
65,Eric Mcdaniel,ENR0065,2016-02-06,male,"357 Ortega Ferry Faulknerstad, VT 42500",+1-954-339-4422,gnelson@example.org
66,Bethany Green,ENR0066,2015-07-09,other,"68461 Jones Drive Apt. 892 Zacharyton, NE 43876",001-798-806-1664x1279,lisa44@example.org
67,Jason Dominguez,ENR0067,2016-04-20,male,"025 Burgess Harbors Port Tiffany, UT 15403",+1-427-678-9806x38824,johnnymiller@example.net
68,Barbara Pittman,ENR0068,2016-02-25,female,"188 Schmidt Flats Suite 241 North Brian, AS 99443",+1-207-355-5177x436,nathanclay@example.net
69,Terry Thompson,ENR0069,2015-08-27,male,"5386 Leach Cliff Apt. 932 Nathanshire, AR 60621",955-967-4836x765,jack22@example.org
70,Katie Moyer,ENR0070,2015-07-15,female,"766 Rodriguez Crossroad Suite 227 Johnsonport, VT 87487",974.678.5918x0162,ochambers@example.org
71,Patricia Sparks,ENR0071,2015-10-26,female,Unit 0377 Box 5366 DPO AA 09346,361-548-4641x127,ssnyder@example.com
72,Robert Hernandez,ENR0072,2016-02-02,male,Unit 6685 Box 3384 DPO AA 98469,(634)611-3061x941,christopherallison@example.net
73,Abigail Martinez,ENR0073,2016-02-04,female,USCGC Lopez FPO AE 74246,(545)252-4974,sanderskevin@example.net
74,Alexander Butler,ENR0074,2016-01-01,male,"675 Pugh Walk Apt. 365 South Jamesside, MH 56482",+1-576-275-7853x01058,steven33@example.com
75,John Bright,ENR0075,2016-04-11,male,Unit 8689 Box 1979 DPO AA 82539,827.417.1349x24194,alejandragarcia@example.org
76,Kenneth Mcdonald,ENR0076,2016-03-28,other,"7579 Randy Via Apt. 325 Kimberlystad, ID 38574",001-612-379-6427x603,eric05@example.net
77,Tyler Mueller,ENR0077,2016-03-15,male,"18163 Jason Stravenue Chenborough, RI 06167",332.354.8129x332,aroberts@example.com
78,Darlene Collins,ENR0078,2016-05-23,female,"044 Mcdonald Walk Pamelaview, WI 11187",+1-291-873-1702x09467,lauramurphy@example.net
79,Suzanne Wright,ENR0079,2016-05-06,other,"58755 Charles Estate East Douglas, FL 84684",(827)365-1962x038,heatherwilson@example.net
80,Lonnie Glenn,ENR0080,2015-12-20,other,"922 Hawkins Forges Brownchester, WI 05886",+1-455-484-0209x66705,michellerodriguez@example.org
81,Sherry Carpenter,ENR0081,2015-08-27,other,"067 Tina Mountain East Erikafort, FM 18976",974-972-3724,stokesfernando@example.org
82,Michael Holloway,ENR0082,2016-03-18,other,"350 Tony Falls South Paulton, PR 55716",771.782.2939,hansonrobert@example.com
83,Katherine Acosta,ENR0083,2016-02-24,female,"9607 Rachel Ways Suite 827 West David, NV 89260",6553976233,who@example.com
84,Veronica Rogers,ENR0084,2016-02-13,female,Unit 9681 Box 1936 DPO AE 50351,854.569.3450x827,likelly@example.net
85,Susan Lee,ENR0085,2015-12-27,female,"248 Fields Throughway Apt. 026 South Antonioberg, AR 15055",962.644.8345,rodriguezkelli@example.net
86,Joseph Lyons,ENR0086,2015-09-12,male,"7107 Ronald Squares Suite 001 Caitlinchester, NM 98353",397.811.1467,brianstephens@example.net
87,Eric Carson,ENR0087,2016-04-27,male,"203 Madison Ridges Suite 488 Lake Michael, OR 11444",714.349.2990x3173,jennifermcgee@example.org
88,Richard Newton,ENR0088,2015-06-23,male,"76493 Randolph Fall Apt. 295 Nicholaschester, LA 19497",+1-954-572-1787,catherine04@example.net
89,Lindsay Adams,ENR0089,2016-01-18,female,"PSC 4516, Box 1119 APO AP 02105",(515)910-2033,mestrada@example.org
90,Sarah Hammond,ENR0090,2016-02-05,female,"236 Bradley Field Apt. 854 Port Daniel, HI 81576",(224)380-6139,robindelgado@example.net
91,Kristen Berg,ENR0091,2015-03-31,other,"9037 Pollard Valley Suite 524 Freemanmouth, VI 96225",657.219.1464,xbrown@example.com
92,Jacqueline Chase,ENR0092,2014-11-21,other,"32512 Clark Bypass Russelltown, RI 89566",454.768.7899,davenportsharon@example.org
93,Brittany Morton,ENR0093,2015-04-10,female,"804 Shannon Prairie Apt. 346 Amandaberg, AK 25255",(594)575-1456,cynthia98@example.org
94,Mary Irwin,ENR0094,2015-04-04,female,"17870 Ashley Ridges Suite 144 Harrisberg, MA 28845",(793)427-1327x68568,lfowler@example.org
95,Dr. Samuel Johnson PhD,ENR0095,2014-07-16,male,"06541 Mccoy Plain South Jonathanchester, VT 54757",339.725.1218,schmidtbrenda@example.net
96,Sarah Taylor,ENR0096,2015-01-27,other,"0273 Jonathan Meadow South Nicholas, DC 95546",(212)333-5783x03636,michaelwilliams@example.org
97,Paige Foster,ENR0097,2014-08-30,other,Unit 9053 Box 2488 DPO AP 93777,+1-592-262-7222x4479,elizabeth09@example.net
98,Brittany Johnson MD,ENR0098,2014-11-19,female,"39969 Mary Valley Apt. 679 South Nicole, MT 19981",5724231006,htorres@example.org
99,Larry Robinson,ENR0099,2014-10-13,male,"35554 Alvarado Union Lake Shawn, OH 20313",637.826.3109x28771,amber21@example.org
100,Alexis Huffman,ENR0100,2015-02-22,female,"98544 Norris Ways Port Thomas, AS 47776",+1-551-980-6919x95827,bdavis@example.net
101,Jeffrey Larsen,ENR0101,2014-12-08,male,"55880 Kristen Street Apt. 973 Port Victoria, AZ 93788",+1-260-987-7137x90140,edwardsjennifer@example.org
102,Robert Smith,ENR0102,2014-12-11,male,"5158 Robert Stream Jonathanmouth, AL 74889",+1-319-639-4258x534,philipmorales@example.org
103,Vanessa Hayden,ENR0103,2015-05-09,female,"81677 Timothy Roads Apt. 658 North Carrieshire, LA 04504",(824)327-2419,leeleah@example.com
104,Casey Cannon,ENR0104,2014-12-20,male,"PSC 6829, Box 9492 APO AE 44310",(214)631-3698x4520,bgarcia@example.com
105,Justin Wilson,ENR0105,2014-09-10,male,"91468 Nicholson Hill Stewartchester, FM 82522",+1-335-809-9480x2845,gross@example.net
106,Tyler Mccormick,ENR0106,2015-02-28,male,USS Aguilar FPO AA 28202,(228)438-1746,sandra98@example.org
107,Nicholas Richardson,ENR0107,2014-08-21,other,"5118 Briggs Square Suite 701 Port Cindy, TX 47867",001-312-485-4703,gilbertsteven@example.org
108,Breanna Peterson,ENR0108,2015-06-12,female,"131 Shannon Lodge West Josephshire, ID 32563",540.757.6946,jenniferkim@example.net
109,George Davis,ENR0109,2015-03-19,male,"76447 Brian Branch New Leahfurt, DC 81203",723-457-3027x0743,victoriawyatt@example.org
110,Sandra Hendricks,ENR0110,2015-03-22,female,"76481 Melissa Lakes Gonzalezchester, OR 53449",488-967-9971,brandonkane@example.net
111,Scott Clark,ENR0111,2015-01-04,other,USCGC Frye FPO AA 57550,209-992-8683x59118,fostermary@example.com
112,Natasha Calhoun,ENR0112,2014-12-30,female,"0222 Nelson Shoal Lake Jonathanmouth, NM 43408",(584)835-3571x1280,velazquezshari@example.org
113,Jason Phillips,ENR0113,2014-06-26,other,"44798 Stafford Oval Phamhaven, VA 37700",+1-361-945-0485,davisjoann@example.net
114,Jason Robinson,ENR0114,2015-06-09,male,"2969 Meyer Highway Apt. 613 East Heatherchester, MI 79207",495.977.5921x7218,isaiah95@example.com
115,Michele Foster,ENR0115,2014-12-18,female,"72957 Dalton Locks Christineview, WA 31380",819-394-8603x44428,egardner@example.net
116,Kevin Ramirez,ENR0116,2015-06-15,male,Unit 9104 Box 8301 DPO AA 87307,815.878.2920x700,nicholaspotter@example.com
117,Jennifer Bates,ENR0117,2015-06-04,other,"831 Jeffrey Fall New Sandraburgh, SD 59470",+1-627-319-1664,cynthiahayes@example.org
118,Michael Rios,ENR0118,2014-11-12,other,"17289 Cook Camp North Lindsey, MT 51563",+1-875-262-0816x97369,andrew23@example.net
119,Tanya Cooper,ENR0119,2014-07-28,female,"2761 Butler Villages Suite 983 Ebonystad, VI 95567",(435)981-1764,lmartinez@example.net
120,Joe Jones,ENR0120,2014-10-30,male,"879 Paul Station Apt. 972 Lake Stephanietown, NC 84738",453-488-8143,sheilawiley@example.org
121,Javier Glover,ENR0121,2014-06-15,male,"5051 Benjamin Roads Jordanport, WV 88504",(314)596-7499x60304,alan97@example.net
122,Robert Patterson,ENR0122,2013-09-05,other,"230 Ruth Circles Suite 854 Stacyton, IA 82451",497.437.4276x68033,vmendez@example.org
123,Andrew Ellis,ENR0123,2013-08-20,male,"449 Stephanie Prairie Allisonchester, PW 01976",4604798409,wongraymond@example.com
124,Sara Brown,ENR0124,2014-02-17,female,"01983 Lawrence Port Apt. 451 West Allison, MP 05140",001-713-623-0035x71178,christopher16@example.net
125,Lori Davis,ENR0125,2013-07-04,female,"1759 Soto Ville Suite 890 Port Dominicton, TN 87523",(591)281-4195x6918,ymeyer@example.com
126,Brittany Jackson,ENR0126,2013-07-07,female,"617 Kelly Fort East Tammymouth, NM 54126",001-417-687-7219x35725,robert39@example.net
127,Tara Harris,ENR0127,2013-11-08,female,"6526 Marshall Points Suite 182 Smithbury, CT 22950",001-466-811-1689x70398,goodmancolton@example.org
128,Denise Lara MD,ENR0128,2014-05-14,female,USNV Murphy FPO AE 35725,869.932.4620,friedmanstephanie@example.org
129,Monica Caldwell,ENR0129,2014-05-19,female,"28900 Mathews Mills Apt. 891 Lake Christopherhaven, MT 28047",597.619.5356x16340,mayskimberly@example.org
130,Steve Aguilar,ENR0130,2014-05-02,male,"556 Amanda Vista South Christophershire, FL 39596",001-728-861-8476x45844,cindy94@example.com
131,Rachel Lewis,ENR0131,2013-10-24,female,"2733 Goodwin Throughway South Heather, KS 40439",(406)439-2802x3708,xfowler@example.net
132,Sally Lucas,ENR0132,2014-01-17,other,"78092 Sellers Hills Lisaland, MA 89610",001-284-773-8048x098,claudia02@example.com
133,Michael Wells,ENR0133,2014-02-19,male,"71038 Thompson Junctions West Sheri, PA 97311",+1-857-204-5805,daniel92@example.com
134,Stephen Stevens,ENR0134,2014-01-05,other,"50892 Mike Underpass Suite 247 Lake Lindseymouth, IA 53147",(938)809-2113x79968,bretttorres@example.net
135,Michael Martinez,ENR0135,2013-10-02,male,"934 Martin Locks Suite 387 Avilaport, VA 22391",+1-517-689-3131x78388,reillybrandon@example.net
136,Mrs. Katelyn Russell,ENR0136,2014-05-29,female,"11076 William Ramp Fieldsborough, TN 18181",6289106263,amandasmith@example.net
137,Valerie Johnson,ENR0137,2014-02-27,other,"60385 Jensen Mission Apt. 361 Port Amberborough, IN 97439",447-287-9579x44105,tpowell@example.com
138,Margaret Mckinney,ENR0138,2013-11-12,other,"773 Holly Unions Craighaven, OR 15021",+1-452-791-3753x06530,gloria18@example.net
139,Alexis Palmer,ENR0139,2013-09-10,female,"582 Amanda Meadow Steinberg, IL 18137",725.604.8116,vdaugherty@example.net
140,Edward Price,ENR0140,2013-09-06,other,"9054 Paul Road Suite 052 Port Heather, AZ 52844",949-240-4324x8761,humphreyjenny@example.com
141,Brittany Cummings,ENR0141,2014-02-24,female,"351 Aguilar Centers Hernandezton, MH 67280",218.615.5496x7702,benjamin39@example.org
142,Rachel Yates,ENR0142,2014-05-17,other,"00869 Murphy Square Apt. 789 Butlerview, WV 89947",(884)828-5170,bhester@example.com
143,Mike Mcdowell,ENR0143,2014-02-13,male,"PSC 9331, Box 6525 APO AA 03801",+1-644-642-1204x451,alexmiller@example.net
144,Ashley Reid,ENR0144,2013-09-13,female,"95019 Harry Ford Suite 534 South Randallfurt, AK 26982",734.690.5352,yrodriguez@example.com
145,Sharon Hodge,ENR0145,2013-06-24,female,"1848 Tony Hill Kristinton, AR 59064",671.821.4823,brookelane@example.com
146,Michael Wood,ENR0146,2013-09-30,male,"9863 Samuel Junctions West Marilyn, NE 23663",(375)454-5973x51171,mlopez@example.org
147,Eric Carlson,ENR0147,2013-09-03,male,"28034 Bryan Harbor Apt. 118 Jacksonstad, MN 16464",4404793161,paul45@example.org
148,Adam Horton,ENR0148,2013-08-01,male,"7836 Richard Lakes Suite 213 South Bonnie, MS 22826",+1-321-714-0802x10169,dustinaguilar@example.net
149,Timothy Ruiz,ENR0149,2014-03-13,male,"38011 Knight Bridge South Rhondafurt, AR 47365",001-323-799-6182x43093,eberry@example.net
150,Fred Li,ENR0150,2014-04-10,male,"255 Albert Points Williamside, WV 72056",671-682-4384,youngraymond@example.net
151,Ashley Foster,ENR0151,2012-10-09,female,"943 Rebecca Lodge Suite 963 Patrickfort, WI 26946",506.863.5428,stevencook@example.org
152,Connie Johnson,ENR0152,2013-05-24,other,USCGC Briggs FPO AA 56096,471.813.3218,ilamb@example.net
153,Heidi Nelson,ENR0153,2012-12-28,female,"95229 Benjamin Inlet Brooksfort, MT 50530",+1-936-852-7217,julia43@example.net
154,Erin Barton,ENR0154,2012-06-21,female,"442 Anderson Landing Apt. 857 South Victoria, VT 40173",001-253-548-3270x884,rdawson@example.com
155,Amber Lara,ENR0155,2013-04-06,female,"7625 Moore Extensions Suite 093 Barreraview, LA 57726",529.816.0443x67725,xramirez@example.com
156,Isaiah Mccoy,ENR0156,2012-11-19,male,"28486 Paul Vista New Matthew, AZ 45763",907-553-0882x398,walter93@example.org
157,Jodi Garcia,ENR0157,2012-11-02,other,"88107 Butler Roads Leonardmouth, FL 90981",889-433-8938x889,katherinebarnes@example.net
158,Eric Coleman,ENR0158,2012-07-11,male,"1814 Ayala Center Port Nathan, IA 18153",(826)878-3145x2281,james87@example.net
159,Derek Neal,ENR0159,2013-03-21,other,"2314 Benjamin Meadow North Julianfort, CT 66988",(236)627-4888x441,nshelton@example.net
160,Jamie Castillo,ENR0160,2012-10-24,other,"24920 Nicholas Freeway West Ronniemouth, WI 93013",+1-372-770-3926x038,padillaangela@example.org
161,Zachary Sandoval,ENR0161,2013-05-18,male,"257 Hernandez Shore Suite 509 West Davidport, ND 41542",5419702928,david99@example.com
162,Jonathan Livingston,ENR0162,2012-07-08,male,"411 Cooke Shore Wardburgh, FM 91798",+1-265-239-6818x67362,beckyhiggins@example.org
163,Michael Singleton,ENR0163,2013-02-17,male,"3836 Michelle Mill Port Michael, OK 51567",7109695239,robertsonzachary@example.net
164,Paul Diaz,ENR0164,2012-09-13,other,"2504 Murray Shores Apt. 069 South Hollyhaven, NE 83334",001-930-300-5066x1815,jeffrey66@example.net
165,Micheal Williams,ENR0165,2012-08-26,male,"841 Maldonado Branch Apt. 670 Port Christinaville, AK 89788",+1-416-234-6862x18729,april66@example.net
166,Michael Day,ENR0166,2012-09-19,male,"3596 Estes Row Suite 734 Gibbsside, OH 46964",(919)809-0490x07021,gweeks@example.com
167,Nicholas Johnson,ENR0167,2013-03-16,male,"11954 Kathryn Centers Hallbury, MP 70082",(344)900-0786x8661,kevin80@example.net
168,Allison Gill,ENR0168,2013-02-23,other,"531 Davis Loaf Melissaview, GA 14451",001-760-502-8174,rpowers@example.org
169,Frank Kidd,ENR0169,2013-06-09,other,"24974 Abigail Locks Port Frank, WY 69418",701.515.7061x87817,ccastro@example.net
170,James Miller,ENR0170,2012-09-14,male,"PSC 2260, Box 7933 APO AA 44389",(733)987-6246x14649,lynntanner@example.net
171,Latoya Steele,ENR0171,2012-10-04,other,"5778 Mary Forks Port Kendra, GA 62741",508.629.7686,anthonylowery@example.org
172,Karen Cook,ENR0172,2013-01-07,female,"952 Amanda Greens North Davidton, MD 81085",944.590.8934,jennifer89@example.com
173,Michael Horton,ENR0173,2013-04-24,other,"289 Martin Crest North Kevinburgh, ID 49982",001-435-418-6876,williamschristina@example.org
174,Gilbert Wood,ENR0174,2012-06-20,male,USS Spencer FPO AA 95391,001-822-745-4812,rebekah32@example.org
175,Brenda Dean,ENR0175,2013-02-28,female,"2821 Campbell Locks Suite 624 Rayburgh, FM 22903",(952)981-0286x889,baileywilliam@example.com
176,Luis Williams,ENR0176,2012-11-26,male,Unit 5230 Box 9270 DPO AP 88204,(533)980-3823,jamesaustin@example.com
177,Steven Calhoun,ENR0177,2013-02-06,other,"07981 Luke Drive Suite 018 Willieberg, RI 03901",504.887.7600x095,kim58@example.org
178,Jeffrey Garcia,ENR0178,2012-12-03,male,"075 Nathan Wells North Markhaven, NE 15311",8465119986,bradfordandrew@example.com
179,Gina Todd,ENR0179,2013-01-07,female,"8477 Lisa Creek West Leonardhaven, OR 86218",(672)299-9471,jamesmontoya@example.org
180,Antonio Nunez,ENR0180,2012-06-23,male,"03065 Peterson Via Apt. 453 South Christopher, WV 02254",001-785-276-3658x333,kristinahughes@example.net
181,Anthony Gomez,ENR0181,2012-01-21,male,"3286 Erica Track Apt. 284 North Jessicabury, PR 90734",001-591-679-4779x838,daviddyer@example.org
182,Kim Jones,ENR0182,2011-12-28,female,"378 Sheila Stream East Daniel, VA 09448",001-800-686-1418x187,reedrebecca@example.com
183,Andrew Moore,ENR0183,2011-11-27,male,"7519 Luis Motorway Suite 934 Codyland, AR 10955",9138101358,coopertimothy@example.net
184,Jennifer Mitchell,ENR0184,2012-02-25,female,"934 Michael Tunnel West Cody, MH 56154",777-877-1064x6855,owensholly@example.net
185,Donna Miller,ENR0185,2012-02-29,female,"34655 Jesse Hills Suite 812 Lawrencemouth, AZ 71198",(994)922-3014,wongtim@example.org
186,Matthew Benson,ENR0186,2012-05-08,male,"PSC 0147, Box 7139 APO AE 01736",001-529-653-2855x107,hartwhitney@example.net
187,Jessica Perry,ENR0187,2011-12-17,other,"46932 Neal Fields Jamesfurt, CA 06270",458.712.6814x541,matthew89@example.net
188,Michael Blankenship,ENR0188,2011-08-13,male,"3721 Dunn Garden Port Christianfurt, NE 28720",746.772.9661,nicole57@example.org
189,Kyle King,ENR0189,2011-08-12,male,"35010 Rivers Way South Tanner, NC 05310",611.572.8647x850,christopher52@example.com
190,Cynthia Walker,ENR0190,2012-03-19,other,Unit 6108 Box 9951 DPO AP 64643,+1-769-590-8662x07172,justinfitzgerald@example.net
191,Ann Harrison,ENR0191,2012-06-09,female,"6225 Jenna Oval North Hannahmouth, TN 15632",(774)297-0594x397,brandonyoung@example.com
192,Adriana Ford,ENR0192,2012-05-19,female,"0859 Travis Rapids Michaelside, RI 21535",453-928-8513,kathleenproctor@example.net
193,Kimberly Henry,ENR0193,2012-05-02,female,Unit 9604 Box 0934 DPO AA 26400,+1-403-911-5477x5863,ryanyoung@example.org
194,Joseph Wolf,ENR0194,2011-08-26,male,"119 Flores Garden Suite 923 North Whitney, NE 37040",675.887.4696x52630,mnichols@example.net
195,Betty Proctor,ENR0195,2012-02-07,female,"5851 Theresa Divide Apt. 360 Joannaborough, NY 46291",668-674-2004x879,jgolden@example.net
196,Charles Thomas,ENR0196,2011-08-25,male,"PSC 4171, Box 3408 APO AE 75597",+1-516-502-8704x1743,brian71@example.com
197,Alyssa Cooper,ENR0197,2012-03-18,female,USNV Howard FPO AE 23349,781.850.8192,matthew98@example.net
198,Kaylee Bullock,ENR0198,2012-04-05,other,"4778 Wilson Meadows South Amyfort, KY 55180",618.793.5901,donna54@example.com
199,Michael Wood,ENR0199,2011-12-13,male,"PSC 2807, Box 4730 APO AA 34380",492.825.0921x6117,coopermichelle@example.com
200,Ryan Robinson,ENR0200,2012-03-18,other,"PSC 2102, Box 5590 APO AP 75153",456.981.0623x05470,barbaracole@example.org
201,Linda Hughes,ENR0201,2011-08-16,female,"527 Ricardo Loop Apt. 331 East Josephhaven, VI 58567",+1-971-346-5706x74816,rmonroe@example.org
202,Jaclyn Pugh,ENR0202,2012-03-31,other,"PSC 7274, Box 4686 APO AA 92827",836.312.4478,jensencorey@example.com
203,Michael Allen,ENR0203,2011-09-06,other,"5885 Stephen Shoals East Kirsten, DE 24685",(359)966-4756x241,bensoneugene@example.com
204,Deborah Johnson,ENR0204,2012-01-25,female,"4197 Daniel View Wayneberg, MT 75100",+1-702-824-0197,chelsea35@example.net
205,Scott Pacheco,ENR0205,2012-03-02,other,"1015 Tiffany Lakes Suite 441 Bakertown, WA 55291",+1-532-781-3200x47544,turnerangela@example.net
206,Karen Martinez,ENR0206,2012-06-17,female,"991 Pierce Brook Apt. 416 Floresberg, SD 05620",+1-526-263-8590x705,mwilson@example.org
207,Brianna Powell,ENR0207,2011-08-14,other,"75656 Marshall View Suite 392 South Markshire, PA 52681",001-951-224-0224x249,william31@example.com
208,Taylor Rodriguez,ENR0208,2012-05-18,male,"0868 Davenport Station Suite 726 Contrerasfurt, NY 83128",447-510-2830x24805,hoffmanjames@example.com
209,Dennis Crane,ENR0209,2012-04-02,male,"3146 Johnson Highway Apt. 395 West Peter, WA 36027",806-335-8263x6896,kperez@example.org
210,Donald Cruz,ENR0210,2012-04-15,male,"0601 Robin Ridges New April, MI 91455",461-717-3481,kelsey27@example.com
211,Rebecca Romero,ENR0211,2010-09-20,female,"33004 Brown Land Apt. 412 Marcstad, NV 38149",(262)789-0885x51736,paulcampbell@example.org
212,Brenda Carr,ENR0212,2010-12-01,other,"1728 Nicole Gateway Murrayville, VA 21407",877.439.1657,reesejenny@example.net
213,Dr. Matthew Robinson,ENR0213,2011-03-27,other,"056 Teresa Ports East Jacquelineview, MN 35181",(818)953-6029,pcook@example.net
214,Melanie Martinez,ENR0214,2011-06-09,other,"4294 Amy Ford Suite 356 Dawnbury, MI 99634",001-530-547-6260x996,mary87@example.net
215,Melanie Anderson,ENR0215,2011-02-23,female,"59557 Christensen Plain Suite 200 Hernandezview, PR 80108",844-910-6994,frazierkathleen@example.org
216,Hannah Marsh,ENR0216,2010-12-20,female,"53867 Edward Lodge Apt. 396 Elizabethbury, SC 50534",767-480-4706x7443,torresdavid@example.org
217,Elizabeth Lowe,ENR0217,2010-08-14,female,"PSC 9509, Box 6614 APO AA 86761",359.979.0514x9910,george53@example.com
218,Stephen Sparks,ENR0218,2011-01-16,other,"0161 Caroline Alley Lake Thomas, NV 06047",465-459-7848,eugene10@example.com
219,Richard Hood,ENR0219,2010-11-13,other,"83710 Warner Locks Suite 108 Gilbertborough, AZ 09170",563.729.6524,larrydouglas@example.org
220,Austin Mccoy,ENR0220,2010-10-30,male,"533 Taylor Dale Smithport, CO 12558",412-971-7027,tracy66@example.com
221,Meredith Conley,ENR0221,2010-12-30,other,"32446 Cassandra Terrace Apt. 074 New Madison, LA 94900",001-773-796-3117x310,youngtodd@example.org
222,Kenneth Thompson,ENR0222,2011-03-16,other,"8824 Robert Passage West Kayla, WY 34308",001-905-895-7153,robertjones@example.net
223,Mark Harris,ENR0223,2011-05-18,male,"29827 Kara Fields Suite 003 Thompsonmouth, NY 23959",577-665-9060x30085,johnsonalexandra@example.org
224,Tom Burke,ENR0224,2010-09-22,other,"977 Erika Stream Williamfort, ME 12208",345-787-5303,kingkim@example.com
225,April Baxter,ENR0225,2010-06-19,female,"37857 Kelly Stream Suite 096 Taylormouth, ME 96798",534-275-4463x0041,tcontreras@example.net
226,Linda Perry,ENR0226,2010-11-01,other,"7429 Griffin Trail Latoyaport, ME 28587",382.544.7042x9220,rrichardson@example.com
227,Carly Cruz,ENR0227,2011-01-23,female,"221 Robert Mission Suite 841 Starkstad, MI 42951",881-710-4859,jonathanbuckley@example.com
228,Courtney Pena,ENR0228,2011-03-10,female,USNV Adams FPO AP 74440,907.536.2740x03745,robbinsrobert@example.net
229,Jillian Sandoval,ENR0229,2010-10-23,female,"69895 Joe Stream Suite 344 Wattsland, SD 33326",(845)327-1870x01120,nataliecontreras@example.org
230,Richard Mathews,ENR0230,2011-05-25,male,"07009 Young Underpass Suite 045 Allisontown, NH 71675",001-738-447-2764x2991,nancy15@example.org
231,Jill George,ENR0231,2010-09-12,female,"876 Smith Spurs Apt. 299 Harristown, ID 44935",753.227.5082x9199,richardbuchanan@example.com
232,Holly Brown,ENR0232,2010-09-28,female,"01800 Kelly Mall Apt. 266 North Crystaltown, MP 35819",4693372229,jimeneztara@example.net
233,Joel Wright,ENR0233,2011-06-17,male,"97662 Alan Key Apt. 503 Lake Connie, TN 88569",001-235-478-9514x1382,igarcia@example.org
234,Danielle Brown,ENR0234,2010-11-17,female,"369 Davis Isle Apt. 962 Dunnport, KS 37650",8175855348,monroestephen@example.net
235,Jordan Lee,ENR0235,2011-06-05,female,"884 John Shoals Apt. 271 New Catherine, SD 09439",+1-882-681-9905x5319,christopherscott@example.com
236,Mario Johnson,ENR0236,2010-09-12,other,Unit 7473 Box 5530 DPO AP 25321,+1-567-270-3079x123,emathis@example.com
237,Trevor Ayers,ENR0237,2010-08-26,other,"49379 Sheryl Bridge Lake Jackfort, AK 15270",(343)600-8001x5994,michaeljacobs@example.net
238,Sarah Richardson,ENR0238,2010-12-18,female,"613 Lynch Way North Amandachester, KY 40108",340.668.8907,linwanda@example.com
239,Sean Ball,ENR0239,2010-10-24,male,"609 Lee Coves Apt. 077 Joshuaton, MH 67161",910-787-8758x2025,fgonzalez@example.com
240,Michael Ward,ENR0240,2011-03-29,male,"7827 Aimee Shores Suite 747 Jonesfort, MD 55018",276.674.6943x3765,rebeccaanderson@example.org
241,Tiffany Coleman,ENR0241,2009-10-08,female,"495 Susan Mill New Robert, UT 24268",(937)928-5859,hklein@example.net
242,Benjamin Johnson,ENR0242,2009-12-19,male,"95602 Matthew Valleys South Rachelfort, CA 80238",8522900266,makaylacasey@example.net
243,Randy Travis,ENR0243,2010-02-14,male,"42210 Harold Parkway Suite 949 Klineland, CO 31676",6576737237,mholt@example.org
244,Dorothy Jackson,ENR0244,2009-12-03,female,"577 Miller Mills Suite 866 East Adamtown, NY 40596",001-683-242-8780x6934,donald25@example.org
245,Andrew Baker,ENR0245,2010-05-24,male,"703 Michelle Causeway Anthonystad, MO 29643",5649103995,vsimon@example.org
246,Karen Rios,ENR0246,2010-04-25,female,"0414 Holly Springs Suite 668 South Bonnieland, PA 69573",397.785.1703x2432,hendricksbethany@example.org
247,Misty Walker,ENR0247,2009-12-22,female,"35071 Timothy Villages Seanhaven, DC 75150",+1-829-972-1766x815,patricia33@example.net
248,Joshua Figueroa,ENR0248,2010-03-26,other,Unit 6567 Box 9992 DPO AE 78713,255-792-6783x9277,mooremark@example.org
249,Scott Brown,ENR0249,2010-02-23,male,"13000 Marco Creek Suite 992 Port Patrick, IA 36253",978-558-1341,bowenjohn@example.net
250,Kristen Ross,ENR0250,2009-08-15,female,"833 Lewis Ridge Suite 853 New Reneeland, DC 69507",+1-749-489-9036x6366,mccluredevin@example.net
251,Jeffrey Lawrence,ENR0251,2009-09-08,other,"557 Parker Parkway Lake Cheryltown, MH 37675",001-572-775-2162x02570,ejohnson@example.net
252,Matthew Griffith,ENR0252,2009-11-16,other,"9681 Garcia Village Apt. 525 Dunnmouth, NC 38360",001-735-459-8236x7200,jeffery09@example.com
253,Elijah Simpson,ENR0253,2010-05-29,other,"44736 Bianca Dam Apt. 850 Port Lisafurt, MS 86149",295.334.6561,floreskristine@example.net
254,Traci Gross,ENR0254,2009-09-13,female,"172 Christine Ports Apt. 909 New Alexander, AZ 38662",+1-883-379-7048x695,harttasha@example.org
255,David Patterson,ENR0255,2010-05-12,other,"4920 Sean Loaf Apt. 917 Kimberlyborough, MN 95937",(265)380-2378,lchoi@example.net
256,Teresa Hoffman,ENR0256,2010-02-25,female,"401 Robert Trace North Jeanettefurt, MS 62677",808-301-0924x7671,roger54@example.com
257,Sharon Alvarez MD,ENR0257,2009-11-07,female,"01970 John Alley Apt. 170 North Luisfort, SD 95690",001-743-649-8255x01877,stevenmarquez@example.net
258,Arthur Palmer,ENR0258,2009-08-31,other,"57323 Perkins Street Apt. 085 Kristinemouth, PA 17649",634-778-6116,stacy99@example.net
259,Thomas Baker,ENR0259,2010-05-30,male,"062 Johnson Mill Apt. 050 Lake Kevinburgh, ME 07596",(944)414-8841x343,kimberlyacosta@example.net
260,Daniel Garcia,ENR0260,2010-02-12,male,"55943 Judy Gardens Apt. 171 Sarahshire, MT 96698",001-216-423-6373,browndonna@example.com
261,Bryan Miller,ENR0261,2010-02-14,male,"174 Lisa Ports Scottton, AL 94359",001-279-362-8028x944,stewartsharon@example.com
262,Michael Smith,ENR0262,2010-04-06,other,"138 Horn Corner East Seanfurt, OR 41151",+1-457-497-2017,stokesdavid@example.com
263,Ryan Martinez,ENR0263,2009-08-30,male,"6271 Joseph Pike South Nicole, OK 87784",961-412-9104,alyssa23@example.net
264,Rachel Khan,ENR0264,2010-03-21,female,"08332 Green Route Apt. 468 Lake Richard, MN 16526",001-957-769-3842x895,sabrina97@example.net
265,Jordan Delacruz,ENR0265,2009-12-21,female,"122 Ryan Mall Suite 313 Jacobsside, MO 23166",001-364-464-6547x13562,max12@example.org
266,Caroline Tucker,ENR0266,2009-09-20,female,"727 Moore Pine North Zacharyland, IN 84174",(812)239-5545,villanuevaholly@example.net
267,Natasha Cherry,ENR0267,2009-09-11,female,"74553 Evans Oval East Johnnyhaven, MD 29886",001-771-672-7246,cbest@example.com
268,Jose Harmon,ENR0268,2010-02-08,male,"4477 Austin Heights East Diana, WA 99823",(418)935-0096x896,sharon05@example.net
269,Sergio Frazier,ENR0269,2009-09-08,other,"PSC 8060, Box 3923 APO AA 31888",649-504-9550,briandaniels@example.com
270,Traci Rose,ENR0270,2010-01-25,female,"031 Lee Mountain Suite 370 New Ryan, PR 70877",906.792.4503x3698,jreyes@example.com
271,Joshua Lewis,ENR0271,2009-03-08,other,"79010 Coleman Cape West Ritaborough, MP 78205",416-865-1598,donaldnorman@example.net
272,Chris Payne,ENR0272,2009-04-21,male,"83411 Tom Square Apt. 949 South Ricardoport, NC 96427",(321)540-6492,acevedokimberly@example.com
273,Laura Becker,ENR0273,2008-06-26,female,"96643 Brianna Drive Christophertown, WV 95378",001-247-358-9697x249,vburns@example.net
274,Kimberly Mcmillan,ENR0274,2008-12-10,female,"86307 Emily Radial Apt. 655 Ashleyport, CA 54395",(729)786-1248,taylorsean@example.com
275,David Flores,ENR0275,2008-09-26,male,"2301 Amy Burgs Lake Hannah, AR 37650",402.989.1662x1996,nancy24@example.org
276,Charles Zamora,ENR0276,2009-02-20,other,"1912 Matthew Loaf Suite 888 South Megan, NV 23542",707-505-6174,howardjohn@example.com
277,Chelsea Williams,ENR0277,2008-12-05,other,Unit 2234 Box 4391 DPO AA 56072,230-887-2647,jennifersavage@example.net
278,Sara Garrison,ENR0278,2009-01-31,female,Unit 4829 Box 1482 DPO AA 52256,001-756-331-3403x1934,nguyenjerome@example.org
279,Stacey Ramos DDS,ENR0279,2009-01-23,female,"87229 Hester Unions Lake Adam, OR 63182",280.889.1785x5826,jasonjohnson@example.net
280,Amanda Chapman,ENR0280,2008-07-26,female,"82244 Joseph Lane Adamsport, GA 99699",739-693-8056,montescrystal@example.org
281,Christopher Gomez,ENR0281,2008-10-14,male,"9756 Leslie Knolls Josephtown, DE 99407",930-230-0437x50354,szimmerman@example.com
282,Michele Walton,ENR0282,2008-10-24,female,"936 Garcia Burgs Penaview, GA 26701",5335749999,rzimmerman@example.net
283,Virginia Waller,ENR0283,2009-01-02,female,"3876 Johnson Burg Josefort, CO 15464",(520)220-6570x546,tylerbradshaw@example.org
284,Amanda Scott,ENR0284,2009-04-17,female,"314 Michael Plaza Suite 759 New Kerri, HI 67331",941-951-2627,dylanwilliams@example.com
285,Tina Shepard MD,ENR0285,2008-08-11,female,"0075 Alvarez Trail Apt. 164 Brianchester, MH 87467",001-803-400-7434x37734,patriciajensen@example.org
286,Jennifer Turner,ENR0286,2009-01-12,female,"3018 Singleton Green North Dawnchester, IN 40022",001-629-837-7623,harriseric@example.org
287,Catherine Wilson,ENR0287,2009-04-22,female,"843 Lindsey Lakes Apt. 646 Sherrystad, OK 06105",997-788-7047,christian37@example.com
288,Kenneth Rhodes,ENR0288,2009-04-28,male,"463 Shelby Squares Apt. 424 North Jesusside, SD 64408",635-992-1553x501,lisa26@example.com
289,Dylan Salazar,ENR0289,2009-05-18,male,"173 Micheal Radial Gonzalesshire, UT 63466",8145997302,vlang@example.net
290,Elizabeth Gonzalez,ENR0290,2009-05-05,female,USNS Reed FPO AP 25242,474-689-0632,aroman@example.net
291,Pamela Franklin,ENR0291,2008-09-10,female,"9709 Harris Plaza North Richardberg, KS 69088",(378)204-7589,carlos93@example.com
292,Thomas Hester,ENR0292,2008-10-08,other,"2960 Stanley Streets Yangburgh, CA 86110",+1-667-299-1388x57205,jonathan98@example.net
293,Daniel Bell,ENR0293,2009-01-13,male,"60708 Sean Islands Thompsonburgh, NC 90673",(839)473-4676x0970,schwartzsheila@example.org
294,Craig Goodman,ENR0294,2008-11-02,male,"99965 Jason Canyon Suite 204 Andrewchester, DC 53652",+1-530-640-5478,kristin07@example.org
295,Rebecca Smith,ENR0295,2009-06-06,female,"3600 Toni Club Apt. 764 Anneside, OH 16212",(590)629-1237x946,andrewscott@example.com
296,Tiffany Nicholson,ENR0296,2008-11-05,female,"7814 Kidd Pines North Jenniferchester, MI 35306",374-631-2889,ihoward@example.net
297,Jordan Abbott,ENR0297,2008-08-07,female,"973 Jones Points Aprilside, IN 09468",514.611.6023x35181,harveyjeffrey@example.net
298,Cheryl Hunt,ENR0298,2009-04-15,female,"8901 Bell Pike Suite 970 Lake Mary, OH 67531",001-915-443-8704x9738,henryhampton@example.org
299,Jesse Hernandez,ENR0299,2008-06-28,other,"00711 Barrett Forks Lake Jenniferborough, AZ 09213",001-345-343-1065x407,dberry@example.org
300,Tammy Wilkinson,ENR0300,2009-01-10,female,"PSC 3031, Box 8802 APO AA 18254",735-963-0011,jacobslisa@example.net
301,Mark Peck,ENR0301,2008-06-14,male,"976 Russell Ranch Suite 539 New Jeffreyberg, ID 17117",+1-252-284-6818x051,ruthstrickland@example.org
302,Richard Fernandez,ENR0302,2007-07-17,male,"PSC 2312, Box 9099 APO AP 86581",001-733-442-6482x67185,bishopjohn@example.net
303,Thomas Patterson,ENR0303,2008-02-02,male,"5370 Norris Fields Apt. 423 South Wesley, VT 19076",001-537-364-2344,nelsondaniel@example.net
304,Jeffrey Wilson,ENR0304,2007-11-16,other,"997 Alyssa Union Stephensberg, IN 67547",793.537.6891,ldalton@example.org
305,Lauren Kim,ENR0305,2007-11-02,female,"74011 Morgan Wall Suite 903 Ralphbury, NV 40861",(733)613-5956x324,hkrueger@example.net
306,Christopher Johnston,ENR0306,2008-01-03,other,"412 Amy Wells South Timothyburgh, AL 41772",(879)759-9865,charles15@example.org
307,Christine Hale,ENR0307,2008-06-03,other,"76175 Stevenson Key Apt. 878 Espinozafurt, AL 13390",216.553.1881x890,tara32@example.com
308,Tyler Sullivan,ENR0308,2007-10-06,other,"7066 Burns Ville Apt. 971 West Sandra, VI 87396",001-392-683-8439,gfreeman@example.org
309,Stephanie Black,ENR0309,2008-04-27,female,"62305 Rebecca Summit Garciamouth, MP 92550",+1-998-272-3892x1793,jenniferheath@example.com
310,Tyrone Cunningham,ENR0310,2008-06-13,male,"3647 Katrina Junction Lake Melvinview, CA 71465",952-958-0757x650,hbaxter@example.org
311,James Sheppard,ENR0311,2007-11-25,male,"882 Heidi Ports Pattersonchester, KS 72440",887-427-7944x1642,megan87@example.org
312,Dawn Cook,ENR0312,2008-05-02,other,"584 Arnold Skyway Suite 111 Anthonyview, GU 96021",001-236-203-9162x81113,uwilliams@example.org
313,Matthew Hester,ENR0313,2007-12-26,male,"818 Samuel Ways East Amanda, MS 30290",555-931-8466x569,john33@example.org
314,Katelyn Lee,ENR0314,2008-02-14,female,"6554 Taylor Crossing Maryview, OK 30549",(278)652-0427,brett77@example.org
315,Steve Washington,ENR0315,2008-02-15,male,"08657 Michelle Forks Apt. 607 Lake Richardfurt, IA 79774",976-609-1547,lori59@example.com
316,Vickie Elliott,ENR0316,2008-05-13,female,"3843 Mcgrath Square Suite 386 New Veronica, SC 54813",461-301-7510x053,cruzmichael@example.org
317,Ethan Collins,ENR0317,2008-04-08,male,"02403 Kimberly Viaduct Johnmouth, AR 29277",+1-829-413-8840x0454,vincentwilliams@example.net
318,Jennifer Fleming,ENR0318,2008-01-05,female,"8830 Wade View Suite 466 Port Victoriafort, WA 97711",698-697-2389x3083,andre96@example.org
319,Crystal Howard,ENR0319,2007-09-03,female,"539 Gray Land Port Josephside, IN 36683",7417747485,clarkrobert@example.net
320,Anna Bennett,ENR0320,2008-05-22,other,"989 Davila Pass Suite 824 Kyleville, SC 77038",586.914.9933x0864,ariel27@example.net
321,Melissa Allen,ENR0321,2007-08-04,other,"85417 Tommy Hollow Suite 064 Collinsside, TN 11373",9585127532,littleangela@example.net
322,Charles Castillo,ENR0322,2007-11-29,male,"88798 Miller Plains Suite 120 West Robertfort, DE 22940",(255)359-3401x1963,donaldsmith@example.com
323,Summer Ramirez,ENR0323,2008-01-11,other,"30705 Robert Parks North Lauraborough, VT 78858",001-846-542-7446x45969,lynchchristina@example.net
324,Melinda Flynn,ENR0324,2008-03-28,female,"6613 Brett Ports Breannaburgh, NC 40531",+1-839-331-0253x75992,jonathan88@example.org
325,William Lee,ENR0325,2007-08-08,male,"3708 Martin Circle Webbmouth, ND 88286",+1-878-593-9648x92685,andrewlee@example.net
326,Karen Pennington,ENR0326,2007-07-24,female,"7600 Leonard Roads Suite 426 Aaronfurt, MT 56758",(217)438-8854,fwalsh@example.org
327,Kim Acevedo,ENR0327,2007-06-20,female,"80021 Haney Cape North Danny, CO 81914",881.781.8029,christopherhenry@example.net
328,Roberta Cline,ENR0328,2007-11-10,other,"02827 Leon Rest Apt. 086 South Heatherstad, FM 14468",(612)825-4612x03126,mirandascott@example.net
329,Gerald Hall,ENR0329,2007-09-27,male,"948 Watson Viaduct Jamesfurt, IN 53861",657.673.4764x585,tanner29@example.net
330,Ronald Reynolds,ENR0330,2008-01-24,male,"7720 Patton Port Benjaminport, AL 48839",702.281.0159,carlymaxwell@example.com
331,Steven Torres,ENR0331,2007-01-03,other,"04736 Susan Trail Apt. 162 North Charlesborough, MN 96174",526.396.0285,harringtondaniel@example.com
332,Leroy Martinez,ENR0332,2006-10-16,other,"1821 Steven Crossing North Laurenborough, KY 39878",001-214-757-6451x56722,paulmarshall@example.org
333,Melissa Rodriguez,ENR0333,2007-04-28,other,"08096 Jack Trafficway Suite 885 West Kristen, KS 37034",+1-254-502-8422x8808,robbinsjoe@example.com
334,Whitney Mason,ENR0334,2007-03-23,female,"3411 Zachary Row Suite 744 Riosmouth, ID 43332",001-375-821-1718x6092,bchavez@example.com
335,James Gregory,ENR0335,2006-08-17,other,"71920 Newman Key North Courtney, VT 73318",6474866299,cameronrangel@example.net
336,Jon Anderson,ENR0336,2007-05-20,male,"10201 Smith Flats Apt. 689 Christinaburgh, CT 61447",+1-322-970-8835x952,pughpenny@example.com
337,Sherri Murphy,ENR0337,2006-10-29,female,"259 Carrie Junction West Breannahaven, ND 81791",+1-806-997-5661x9072,tarellano@example.com
338,Corey Moody,ENR0338,2007-05-05,male,"65499 Hudson Bypass Suite 644 Lake Michaelchester, MI 34487",223-379-6223x924,john68@example.net
339,Crystal Smith,ENR0339,2006-09-22,female,"8150 Horton Ville Travisstad, MH 85657",401.960.4261x8733,odominguez@example.org
340,Dylan Robinson,ENR0340,2007-04-26,other,"832 Nathan Roads Apt. 648 North Williammouth, AZ 28943",800-796-0811,nicolehall@example.org
341,Rodney Martinez,ENR0341,2007-04-22,male,"PSC 1655, Box 8736 APO AA 24754",720.922.2030x199,caitlincarroll@example.com
342,Jacob Peterson,ENR0342,2006-11-28,other,"75318 Omar Fields Suite 809 Riveraburgh, OH 15542",431-732-6473x28262,davistracie@example.org
343,Rebecca Buchanan,ENR0343,2006-11-10,female,"2514 Rodney Turnpike Christineton, ME 59787",001-560-450-3795x061,dwilliams@example.com
344,Olivia Hamilton,ENR0344,2006-08-05,female,"8635 Ruiz Throughway Apt. 566 Port Juan, MS 03955",(870)963-4437x09069,davidolson@example.com
345,Kimberly Wallace,ENR0345,2007-02-10,female,"3278 Sean Stream Rodneyview, OR 98701",001-518-323-9937x3378,john42@example.net
346,Robert Sandoval,ENR0346,2007-05-18,male,"3617 Eric Manor Suite 179 Scottshire, MT 23547",(767)248-3229x84374,stevedavis@example.net
347,Jillian Evans,ENR0347,2006-07-02,female,"959 Bradley Drive New Joanstad, LA 14269",837-399-3471x93882,xthomas@example.org
348,Jason Johnson DDS,ENR0348,2007-03-04,male,"3867 Collier Extension Apt. 702 Lake Conniestad, PW 87810",230-392-2746,walterskelly@example.org
349,Paul White,ENR0349,2007-03-09,male,"9408 Nicole Flat East Michaelview, NH 94725",(288)610-5083x48215,conleymichelle@example.net
350,Rebecca Church,ENR0350,2007-01-12,female,"2816 Thompson Roads Suite 307 New Roger, AR 78731",404-973-7505,michael58@example.org
351,Angela Craig,ENR0351,2007-05-19,female,"938 Conrad Heights Port Dianemouth, FL 90540",+1-543-658-4620x03697,annagarcia@example.org
352,Derrick Bartlett,ENR0352,2006-12-10,male,"34071 Reyes Plaza Suite 794 Emilymouth, FL 30312",+1-424-535-3364,barbara28@example.com
353,Jeremy Blake,ENR0353,2007-03-07,male,"45017 Robinson Drives Apt. 199 South Amandaborough, FM 62659",658.532.5859x76614,laurentyler@example.com
354,Sarah Dawson,ENR0354,2007-04-04,female,"87769 Tammy Mountains Lake Jessicaburgh, AR 54645",856.468.0282x79147,jacobgibson@example.org
355,Jessica Rios,ENR0355,2007-04-14,female,"56764 Duncan Port Suite 526 New Jason, DE 39398",240.701.5967,whitemelissa@example.com
356,Sean Smith,ENR0356,2007-03-26,other,"74821 Mcneil Circle Suite 627 Port Robert, MD 83381",405.719.7388x1976,johnathanmoore@example.org
357,Kristin Bradley,ENR0357,2006-10-04,female,"PSC 6296, Box 1593 APO AA 37298",457.416.5243x276,nancyhughes@example.com
358,Haley Rivera,ENR0358,2006-12-03,female,"297 Melissa Trafficway Suite 572 North Laurenshire, DE 18332",8579673667,andrewevans@example.com
359,Mr. Scott Garcia Jr.,ENR0359,2006-09-02,other,"4435 Charles Place North Kyle, LA 95538",955-398-9207,rowekyle@example.org
360,Adam Crosby,ENR0360,2006-12-28,male,USCGC Castillo FPO AE 01921,(597)384-4917x131,jjohnson@example.net
